spieltag,date,weekday,time,home_team,away_team,distance,season
1,2022-09-16,Friday,19.30,Grizzlys Wolfsburg (GER),Löwen Frankfurt (GER),,22-23
2,2022-09-21,Wednesday,19.30,Kölner Haie (GER),Grizzlys Wolfsburg (GER),,22-23
3,2022-09-23,Friday,19.30,Eisbären Berlin (GER),Grizzlys Wolfsburg (GER),,22-23
4,2022-09-25,Sunday,16.30,Grizzlys Wolfsburg (GER),Nürnberg Ice Tigers (GER),,22-23
5,2022-09-27,Tuesday,19.30,Grizzlys Wolfsburg (GER),Augsburger Panther (GER),,22-23
7,2022-10-02,Sunday,14.00,Iserlohn Roosters (GER),Grizzlys Wolfsburg (GER),,22-23
8,2022-10-07,Friday,19.30,Pinguins Bremerhaven (GER),Grizzlys Wolfsburg (GER),,22-23
9, 2022-10-09,Sunday,14.00,Grizzlys Wolfsburg (GER), EHC Red Bull München (GER),,22-23
10,2022-10-14,Friday,19.30,Straubing Tigers (GER),Grizzlys Wolfsburg (GER),,22-23
11,2022-10-16,Sunday,19.00,Grizzlys Wolfsburg (GER),Schwenninger Wild Wings (GER),,22-23
12,2022-10-18,Wednesday,19.30,Grizzlys Wolfsburg (GER),Nürnberg Ice Tigers (GER),,22-23
13,2022-10-20,Thursday,19.30,Augsburger Panther (GER),Grizzlys Wolfsburg (GER),,22-23
14,2022-10-23,Sunday,14.00,Grizzlys Wolfsburg (GER),Pinguins Bremerhaven (GER),,22-23
15,2022-10-26,Wednesday,19.30,Kölner Haie (GER),Grizzlys Wolfsburg (GER),,22-23
16,2022-10-28,Friday,19.30,Iserlohn Roosters (GER),Grizzlys Wolfsburg (GER),,22-23
17,2022-10-30,Sunday,16.30,Grizzlys Wolfsburg (GER),SC Bietigheim Steelers (GER),,22-23
18,2022-11-02,Wednesday,19.30,Düsseldorfer EG (GER),Grizzlys Wolfsburg (GER),,22-23
19,2022-11-04,Friday,19.30,Grizzlys Wolfsburg (GER),Löwen Frankfurt (GER),,22-23
20,2022-11-06,Sunday,14.00,Pinguins Bremerhaven (GER),Grizzlys Wolfsburg (GER),,22-23
21,2022-11-18,Friday,19.30,Grizzlys Wolfsburg (GER),Eisbären Berlin (GER),,22-23
22,2022-11-20,Sunday,14.00,Nürnberg Ice Tigers (GER),Grizzlys Wolfsburg (GER),,22-23
23,2022-11-25,Friday,19.30,Grizzlys Wolfsburg (GER),Iserlohn Roosters (GER),,22-23
24,2022-11-27,Sunday,16.30,Adler Mannheim (GER),Grizzlys Wolfsburg (GER),,22-23
25,2022-11-29,Tuesday,19.30,ERC Ingolstadt (GER),Grizzlys Wolfsburg (GER),,22-23
26,2022-12-02,Friday,19.30,Grizzlys Wolfsburg (GER),SC Bietigheim Steelers (GER),,22-23
27,2022-12-04,Sunday,14.00,Straubing Tigers (GER),Grizzlys Wolfsburg (GER),,22-23
28,2022-12-08,Thursday,19.30,Grizzlys Wolfsburg (GER),EHC Red Bull München (GER),,22-23
29,2022-12-11,Sunday,14.00,Nürnberg Ice Tigers (GER),Grizzlys Wolfsburg (GER),,22-23
30,2022-12-13,Tuesday,19.30,Grizzlys Wolfsburg (GER),Schwenninger Wild Wings (GER),,22-23
31,2022-12-15,Thursday,19.30,Löwen Frankfurt (GER),Grizzlys Wolfsburg (GER),,22-23
32,2022-12-18,Sunday,16.30,Grizzlys Wolfsburg (GER),Adler Mannheim (GER),,22-23
33,2022-12-21,Wednesday,19.30,Grizzlys Wolfsburg (GER),Eisbären Berlin (GER),,22-23
34,2022-12-23,Friday,19.30,Düsseldorfer EG (GER),Grizzlys Wolfsburg (GER),,22-23
35,2022-12-26,Monday,16.30,Grizzlys Wolfsburg (GER),Kölner Haie (GER),,22-23
36,2022-12-28,Wednesday,19.30,Grizzlys Wolfsburg (GER),ERC Ingolstadt (GER),,22-23
37,2022-12-30,Friday,19.30,EHC Red Bull München (GER),Grizzlys Wolfsburg (GER),,22-23
38,2023-01-02,Monday,19.30,Grizzlys Wolfsburg (GER),Augsburger Panther (GER),,22-23
39,2023-01-04,Wednesday,19.30,Schwenninger Wild Wings (GER),Grizzlys Wolfsburg (GER),,22-23
41,2023-01-08,Sunday,14.00,Grizzlys Wolfsburg (GER),Iserlohn Roosters (GER),,22-23
42,2023-01-13,Friday,19.30,SC Bietigheim Steelers (GER),Grizzlys Wolfsburg (GER),,22-23
44,2023-01-20,Friday,19.30,Grizzlys Wolfsburg (GER),Straubing Tigers (GER),,22-23
45,2023-01-22,Sunday,14.00,Eisbären Berlin (GER),Grizzlys Wolfsburg (GER),,22-23
46,2023-01-24,Tuesday,19.30,Adler Mannheim (GER),Grizzlys Wolfsburg (GER),,22-23
47,2023-01-27,Friday,19.30,Grizzlys Wolfsburg (GER),ERC Ingolstadt (GER),,22-23
49,2023-02-03,Friday,19.30,Grizzlys Wolfsburg (GER),Kölner Haie (GER),,22-23
50,2023-02-05,Sunday,tba,Löwen Frankfurt (GER),Grizzlys Wolfsburg (GER),,22-23
51,2023-02-12,Sunday,14.00,Augsburger Panther (GER),Grizzlys Wolfsburg (GER),,22-23
52,2023-02-15,Wednesday,19.30,Grizzlys Wolfsburg (GER),Düsseldorfer EG (GER),,22-23
53,2023-02-17,Friday,19.30,EHC Red Bull München (GER),Grizzlys Wolfsburg (GER),,22-23
54,2023-02-19,Sunday,16.30,Grizzlys Wolfsburg (GER),Eisbären Berlin (GER),,22-23
55,2023-02-22,Wednesday,19.30,SC Bietigheim Steelers (GER),Grizzlys Wolfsburg (GER),,22-23
57,2023-02-26,Sunday,16.30,Grizzlys Wolfsburg (GER),Adler Mannheim (GER),,22-23
59,2023-03-03,Friday,19.30,Grizzlys Wolfsburg (GER),Düsseldorfer EG (GER),,22-23
60,2023-03-05,Sunday,14.00,ERC Ingolstadt (GER),Grizzlys Wolfsburg (GER),,22-23
1,2023-09-15,Friday,19.3,Grizzlys,Augsburg,,23-24
2,2023-09-17,Sunday,14.0,Bremerhaven,Grizzlys,,23-24
3,2023-09-22,Friday,19.3,Grizzlys,Straubing,,23-24
4,2023-09-24,Sunday,19.0,Schwenningen,Grizzlys,,23-24
5,2023-09-29,Friday,19.3,Ingolstadt,Grizzlys,,23-24
6,2023-10-01,Sunday,16.3,Grizzlys,Iserlohn,,23-24
7,2023-10-03,Tuesday,14.0,Düsseldorf,Grizzlys,,23-24
8,2023-10-06,Friday,19.3,Grizzlys,Mannheim,,23-24
9,2023-10-08,Sunday,14.0,Grizzlys,Berlin,,23-24
10,2023-10-13,Friday,19.3,München,Grizzlys,,23-24
11,2023-10-15,Sunday,16.3,Grizzlys,Frankfurt,,23-24
12,2023-10-20,Friday,19.3,Grizzlys,Köln,,23-24
13,2023-10-22,Sunday,14.0,Nürnberg,Grizzlys,,23-24
14,2023-10-27,Friday,19.3,Düsseldorf,Grizzlys,,23-24
15,2023-10-29,Sunday,19.0,Grizzlys,Iserlohn,,23-24
16,2023-11-01,Wednesday,18.0,Ingolstadt,Grizzlys,,23-24
17,2023-11-03,Friday,19.3,Nürnberg,Grizzlys,,23-24
18,2023-11-05,Sunday,14.0,Grizzlys,Frankfurt,,23-24
19,2023-11-16,Thursday,18.0,Grizzlys,Schwenningen,,23-24
20,2023-11-18,Saturday,20.0,Berlin,Grizzlys,,23-24
21,2023-11-24,Friday,19.3,Mannheim,Grizzlys,,23-24
22,2023-11-28,Tuesday,19.3,Köln,Grizzlys,,23-24
23,2023-12-01,Friday,19.3,Grizzlys,Augsburg,,23-24
24,2023-12-03,Sunday,19.0,Straubing,Grizzlys,,23-24
25,2023-12-08,Friday,19.3,München,Grizzlys,,23-24
26,2023-12-10,Sunday,14.0,Grizzlys,Bremerhaven,,23-24
27,2023-12-15,Friday,19.3,Grizzlys,Nürnberg,,23-24
28,2023-12-17,Sunday,19.0,Grizzlys,Ingolstadt,,23-24
29,2023-12-21,Thursday,19.3,Köln,Grizzlys,,23-24
30,2023-12-23,Saturday,16.3,Grizzlys,Mannheim,,23-24
31,2023-12-26,Tuesday,14.0,Berlin,Grizzlys,,23-24
32,2023-12-28,Thursday,19.3,Grizzlys,München,,23-24
33,2023-12-30,Saturday,14.0,Bremerhaven,Grizzlys,,23-24
34,2024-01-03,Wednesday,19.3,Frankfurt,Grizzlys,,23-24
35,2024-01-05,Friday,19.3,Iserlohn,Grizzlys,,23-24
36,2024-01-07,Sunday,14.0,Grizzlys,Düsseldorf,,23-24
37,2024-01-12,Friday,19.3,Augsburg,Grizzlys,,23-24
38,2024-01-14,Sunday,19.0,Grizzlys,Straubing,,23-24
39,2024-01-19,Friday,19.3,Grizzlys,Schwenningen,,23-24
40,2024-01-21,Sunday,19.0,Iserlohn,Grizzlys,,23-24
41,2024-01-26,Friday,19.3,Grizzlys,Berlin,,23-24
42,2024-01-28,Sunday,14.0,Frankfurt,Grizzlys,,23-24
43,2024-02-02,Friday,19.3,Grizzlys,Ingolstadt,,23-24
44,2024-02-04,Sunday,16.3,Grizzlys,München,,23-24
46,2024-02-15,Thursday,19.3,Mannheim,Grizzlys,,23-24
47,2024-02-18,Sunday,14.0,Grizzlys,Bremerhaven,,23-24
45,2024-02-20,Tuesday,19.3,Grizzlys,Düsseldorf,,23-24
48,2024-02-23,Friday,19.3,Schwenningen,Grizzlys,,23-24
49,2024-02-25,Sunday,16.3,Augsburg,Grizzlys,,23-24
50,2024-03-01,Friday,19.3,Grizzlys,Köln,,23-24
51,2024-03-03,Sunday,14.0,Grizzlys,Nürnberg,,23-24
52,2024-03-08,Friday,19.3,Straubing,Grizzlys,,23-24
1,2024-09-20,Friday,19.30,Pinguins Bremerhaven (GER),Grizzlys Wolfsburg (GER),252 km (D),24-25
2,2024-09-22,Sunday,16.30,Grizzlys Wolfsburg (GER),Düsseldorfer EG (GER),367 km,24-25
3,2024-09-27,Friday,19.30,Grizzlys Wolfsburg (GER),Iserlohn Roosters (GER),304 km,24-25
4,2024-09-29,Sunday,14.00,Löwen Frankfurt (GER),Grizzlys Wolfsburg (GER),369 km,24-25
5,2024-10-02,Wednesday,19.30,EHC Red Bull München (GER),Grizzlys Wolfsburg (GER),600 km,24-25
6,2024-10-04,Friday,19.30,Grizzlys Wolfsburg (GER),Schwenninger Wild Wings (GER),638 km,24-25
7,2024-10-06,Sunday,19.00,Augsburger Panther (GER),Grizzlys Wolfsburg (GER),588 km,24-25
8,2024-10-11,Friday,19.30,ERC Ingolstadt (GER),Grizzlys Wolfsburg (GER),526 km,24-25
9,2024-10-13,Sunday,16.30,Grizzlys Wolfsburg (GER),Adler Mannheim (GER),442 km,24-25
10,2024-10-18,Friday,19.30,Straubing Tigers (GER),Grizzlys Wolfsburg (GER),560 km,24-25
11,2024-10-20,Sunday,14.00,Grizzlys Wolfsburg (GER),Eisbären Berlin (GER),228 km (D),24-25
16,2024-10-22,Tuesday,19.30,Eisbären Berlin (GER),Grizzlys Wolfsburg (GER),228 km (D),24-25
13,2024-10-27,Sunday,14.00,Kölner Haie (GER),Grizzlys Wolfsburg (GER),376 km,24-25
14,2024-10-31,Thursday,14.00,Grizzlys Wolfsburg (GER),Adler Mannheim (GER),442 km,24-25
15,2024-11-03,Sunday,14.00,Pinguins Bremerhaven (GER),Grizzlys Wolfsburg (GER),252 km (D),24-25
17,2024-11-17,Sunday,14.00,Grizzlys Wolfsburg (GER),Schwenninger Wild Wings (GER),638 km,24-25
18,2024-11-21,Thursday,19.30,Grizzlys Wolfsburg (GER),Augsburger Panther (GER),588 km,24-25
19,2024-11-24,Sunday,16.30,ERC Ingolstadt (GER),Grizzlys Wolfsburg (GER),526 km,24-25
20,2024-11-27,Wednesday,18.00,Grizzlys Wolfsburg (GER),Düsseldorfer EG (GER),367 km,24-25
21,2024-11-29,Friday,19.30,Grizzlys Wolfsburg (GER),Kölner Haie (GER),376 km,24-25
22,2024-12-01,Sunday,19.00,Iserlohn Roosters (GER),Grizzlys Wolfsburg (GER),304 km,24-25
23,2024-12-06,Friday,13.00,Grizzlys Wolfsburg (GER),EHC Red Bull München (GER),600 km,24-25
24,2024-12-08,Sunday,16.30,Löwen Frankfurt (GER),Grizzlys Wolfsburg (GER),369 km,24-25
25,2024-12-13,Friday,19.30,Grizzlys Wolfsburg (GER),Nürnberg Ice Tigers (GER),463 km,24-25
26,2024-12-15,Sunday,16.30,Straubing Tigers (GER),Grizzlys Wolfsburg (GER),560 km,24-25
27,2024-12-18,Wednesday,19.30,Grizzlys Wolfsburg (GER),ERC Ingolstadt (GER),526 km,24-25
28,2024-12-20,Friday,19.30,Iserlohn Roosters (GER),Grizzlys Wolfsburg (GER),304 km,24-25
29,2024-12-22,Sunday,14.00,Grizzlys Wolfsburg (GER),Löwen Frankfurt (GER),369 km,24-25
30,2024-12-26,Thursday,16.30,Grizzlys Wolfsburg (GER),Eisbären Berlin (GER),228 km (D),24-25
31,2024-12-28,Saturday,20.00,Düsseldorfer EG (GER),Grizzlys Wolfsburg (GER),367 km,24-25
32,2024-12-30,Monday,19.30,EHC Red Bull München (GER),Grizzlys Wolfsburg (GER),600 km,24-25
33,2025-01-03,Friday,19.30,Schwenninger Wild Wings (GER),Grizzlys Wolfsburg (GER),638 km,24-25
34,2025-01-05,Sunday,16.30,Grizzlys Wolfsburg (GER),Straubing Tigers (GER),560 km,24-25
35,2025-01-10,Friday,19.30,Kölner Haie (GER),Grizzlys Wolfsburg (GER),376 km,24-25
36,2025-01-12,Sunday,14.00,Grizzlys Wolfsburg (GER),Pinguins Bremerhaven (GER),252 km (D),24-25
37,2025-01-17,Friday,19.30,Nürnberg Ice Tigers (GER),Grizzlys Wolfsburg (GER),463 km,24-25
38,2025-01-19,Sunday,16.30,Grizzlys Wolfsburg (GER),Augsburger Panther (GER),588 km,24-25
39,2025-01-24,Friday,19.30,Adler Mannheim (GER),Grizzlys Wolfsburg (GER),442 km,24-25
40,2025-01-26,Sunday,19.00,Grizzlys Wolfsburg (GER),EHC Red Bull München (GER),600 km,24-25
41,2025-01-28,Tuesday,19.30,Grizzlys Wolfsburg (GER),Löwen Frankfurt (GER),369 km,24-25
42,2025-01-31,Friday,19.30,Augsburger Panther (GER),Grizzlys Wolfsburg (GER),588 km,24-25
43,2025-02-02,Sunday,16.30,Grizzlys Wolfsburg (GER),Iserlohn Roosters (GER),304 km,24-25
44,2025-02-14,Friday,19.30,Nürnberg Ice Tigers (GER),Grizzlys Wolfsburg (GER),463 km,24-25
45,2025-02-16,Sunday,14.00,Grizzlys Wolfsburg (GER),Pinguins Bremerhaven (GER),252 km (D),24-25
46,2025-02-19,Wednesday,19.30,Adler Mannheim (GER),Grizzlys Wolfsburg (GER),442 km,24-25
47,2025-02-21,Friday,18.00 VW,Grizzlys Wolfsburg (GER),ERC Ingolstadt (GER),526 km,24-25
48,2025-02-23,Sunday,16.30,Schwenninger Wild Wings (GER),Grizzlys Wolfsburg (GER),638 km,24-25
49,2025-02-28,Friday,19.30,Grizzlys Wolfsburg (GER),Kölner Haie (GER),376 km,24-25
50,2025-03-02,Sunday,14.00,Eisbären Berlin (GER),Grizzlys Wolfsburg (GER),228 km (D),24-25
51,2025-03-04,Tuesday,19.30,Grizzlys Wolfsburg (GER),Straubing Tigers (GER),560 km,24-25
52,2025-03-07,Friday,19.30,Düsseldorfer EG (GER),Grizzlys Wolfsburg (GER),367 km,24-25
